Filename, Title, Artists, Genres, Instrument
Motionless_In_White-Voices(DrumNotes).pdf,Voices,Motionless In White,Nu Metal,Drumset
Motionless_In_White-Another_Life(DrumNotes).pdf,Another Life,Motionless In White,Nu Metal,Drumset
Adel_Tawil-Ist_da_jemand(DrumNotes).pdf,Ist da jemand,Adel Tawil,Pop,Drumset
Rory_Gallagher-Philby(DrumNotes).pdf,Philby,Rory Gallagher,Hard Rock| Blues Rock,Drumset
Ed_Sheeran_Felix_Jaehn_Remix-Photograph(DrumNotes).pdf,Photograph,Ed Sheeran| Felix Jaehn Remix,Electro Pop,Drumset
Taylor_Swift-Shake_It_Of(DrumNotes).pdf,Shake It Off,Taylor Swift,Dance-Pop,Drumset
Twenty_One_Pilots-Stressed_Out(DrumNotes).pdf,Stressed Out,Twenty One Pilots,Alternative Hip Hop,Drumset
Suicide_Silence-You_Only_Live_Once(DrumNotes).pdf,You Only Live Once,Suicide Silence,Deathcore,Drumset
Bryan_Adams-Summer_of_69(DrumNotes).pdf,Summer of 69,Bryan Adams,Rock,Drumset
Anna_Naklab-Supergirl(DrumNotes).pdf,Supergirl,Anna Naklab| Alle Farben & Younotus,Deep House,Drumset
Juli-Perfekte_Welle(DrumNotes).pdf,Perfekte Welle,Juli,Rock,Drumset
Linkin_Park-In_The_End(DrumNotes).pdf,In The End,Linkin Park,Nu Metal| Alternative Rock,Drumset
Thousand_Foot_Krutch-Take_It_Out(DrumNotes).pdf,Take It Out,Thousand Foot Krutch,Alternative Rock,Drumset
Earth_Wind_And_Fire-September(DrumNotes).pdf,September,Earth Wind & Fire,Funk,Drumset
Halestorm-I_Miss_The_Misery(DrumNotes).pdf,I Miss The Misery,Halestorm,Alternative Metal,Drumset
Rise_Against-The_Violence(DrumNotes).pdf,The Violence,Rise Against,Melodic Hardcore,Drumset
Santiano_Nathan_Evans-Wellerman(DrumNotes).pdf,Wellerman,Santiano| Nathan Evans,Folk Rock,Drumset
TJ_beastboy-GUT_BESSER_ICH(DrumNotes).pdf,GUT&lt;BESSER&lt;ICH,TJ BeastBoy,Rap,Drumset
The_Script-Hall_Of_Fame(DrumNotes).pdf,Hall Of Fame,The Script,Pop Rock,Drumset
Panic_At_The_Disco-High_Hopes(DrumNotes).pdf,High Hopes,Panic! At The Disco,Pop Rock,Drumset
Bones_MC-Jetski(DrumNotes).pdf,Jetski,Bones MC,Rap,Drumset
Tones_And_i-Dance_Monkey(DrumNotes).pdf,Dance Monkey,Tones And I,Electro Pop,Drumset
Andreas_Bourani-Auf_Uns(DrumNotes).pdf,Auf Uns,Andreas Bourani,Pop,Drumset
Die_Draufgaenger-Cordula_Gruen(DrumNotes).pdf,Curdula Grün,Die Draufgänger,Schlager| Volksmusik,Drumset
Die_Aerzte-Schrei_Nach_Liebe(DrumNotes).pdf,Schrei Nach Liebe,Die Ärzte,Punk Rock,Drumset
Bryan_Adams-Heaven(DrumNotes).pdf,Heaven,Bryan Adams,Rock,Drumset
Culcha_Candela-Von_Allein(DrumNotes).pdf,Von Allein,Culcha Candela,Dancehall,Drumset
Die_Toten_Hosen-Altes_Fieber(DrumNotes).pdf,Altes Fieber,Die Toten Hosen,Punk Rock,Drumset
Die_Toten_Hosen-Wuensch_Dir_Was(DrumNotes).pdf,Wuensch Dir Was,Die Toten Hosen,Punk Rock,Drumset
Die_Fantastischen_Vier_Clueso-Zusammen(DrumNotes).pdf,Zusammen,Die Fantastischen Vier| Clueso,Pop-Rap| Hip-Hop,Drumset
Jonas_Brothers-Sucker(DrumNotes).pdf,Sucker,Jonas Brothers,Pop Rock,Drumset
Roxette-Listen_To_Your_Heart(DrumNotes).pdf,Listen To Your Heart,Roxette,Pop Rock,Drumset
System_Of_A_Down-Kill_Rock_n_Roll(DrumNotes).pdf,Kill Rock n Roll,System Of A Down,Alternative Metal| Nu Metal,Drumset
Tina_Turner-Whats_Love_Got_To_Do_With_It(DrumNotes).pdf,Whats Love Got To Do With It,Tina Turner,R&B,Drumset
Skillet-Monster(DrumNotes).pdf,Monster,Skillet,Hard Rock,Drumset
